timestamp,height,gas_used,gas_limit,load,tx_count,base_fee,date,error_vs_target
2025-12-23 13:00:11+00:00,24075471,59424832,60000000,0.9904138666666666,442,0.038355952,2025-12-23,0.49041386666666664
2025-12-23 13:00:23+00:00,24075472,38756242,60000000,0.6459373666666667,422,0.043058524,2025-12-23,0.14593736666666668
2025-12-23 13:00:35+00:00,24075473,43480030,60000000,0.7246671666666666,427,0.044629485,2025-12-23,0.22466716666666664
2025-12-23 13:00:47+00:00,24075474,50921142,60000000,0.8486857,417,0.047136179,2025-12-23,0.3486857
2025-12-23 13:00:59+00:00,24075475,25319382,60000000,0.4219897,355,0.051245106,2025-12-23,-0.07801029999999998
2025-12-23 13:01:11+00:00,24075476,35176877,59941408,0.586854366183724,398,0.050245695,2025-12-23,0.086854366183724
2025-12-23 13:01:23+00:00,24075477,26201849,59999943,0.43669789819633664,293,0.051336709,2025-12-23,-0.06330210180366336
2025-12-23 13:01:35+00:00,24075478,6397631,60000000,0.10662718333333333,125,0.050524279,2025-12-23,-0.3933728166666667
2025-12-23 13:01:47+00:00,24075479,53550024,60000000,0.8925004,627,0.04555556,2025-12-23,0.39250039999999997
2025-12-23 13:01:59+00:00,24075480,23735510,60000000,0.3955918333333333,324,0.050025703,2025-12-23,-0.10440816666666669
2025-12-23 13:02:11+00:00,24075481,45584205,60000000,0.75973675,428,0.048719931,2025-12-23,0.25973674999999996
2025-12-23 13:02:23+00:00,24075482,18521880,60000000,0.308698,228,0.05188352,2025-12-23,-0.19130200000000003
2025-12-23 13:02:35+00:00,24075483,28076365,59941408,0.46839682177635866,332,0.049402165,2025-12-23,-0.03160317822364134
2025-12-23 13:02:47+00:00,24075484,18458306,59999943,0.3076387255901226,245,0.049011849,2025-12-23,-0.19236127440987738
2025-12-23 13:02:59+00:00,24075485,44727959,60000000,0.7454659833333334,402,0.046654854,2025-12-23,0.24546598333333336
2025-12-23 13:03:11+00:00,24075486,40803452,60000000,0.6800575333333333,311,0.049517898,2025-12-23,0.1800575333333333
2025-12-23 13:03:23+00:00,24075487,24884261,60000000,0.41473768333333333,300,0.051746915,2025-12-23,-0.08526231666666667
2025-12-23 13:03:35+00:00,24075488,35748810,59941408,0.5963959004766788,427,0.0506439,2025-12-23,0.09639590047667879
2025-12-23 13:03:47+00:00,24075489,29134718,59999943,0.48557909463347326,420,0.051864366,2025-12-23,-0.014420905366526737
2025-12-23 13:03:59+00:00,24075490,28257900,60000000,0.470965,403,0.051677384,2025-12-23,-0.029034999999999977
2025-12-23 13:04:11+00:00,24075491,20194158,60000000,0.3365693,273,0.051302271,2025-12-23,-0.16343069999999998
2025-12-23 13:04:23+00:00,24075492,28872509,60000000,0.4812084833333333,394,0.04920618,2025-12-23,-0.018791516666666674
2025-12-23 13:04:35+00:00,24075493,27323798,60000000,0.45539663333333336,368,0.048975016,2025-12-23,-0.044603366666666644
2025-12-23 13:04:47+00:00,24075494,20756118,60000000,0.3459353,298,0.048428904,2025-12-23,-0.1540647
2025-12-23 13:04:59+00:00,24075495,8360607,60000000,0.13934345,216,0.046563608,2025-12-23,-0.36065654999999996
2025-12-23 13:05:11+00:00,24075496,56596147,60000000,0.9432691166666667,587,0.042365241,2025-12-23,0.4432691166666667
2025-12-23 13:05:23+00:00,24075497,24754394,60000000,0.41257323333333334,253,0.047060041,2025-12-23,-0.08742676666666666
2025-12-23 13:05:35+00:00,24075498,21749500,59941408,0.36284599787846156,350,0.046031465,2025-12-23,-0.13715400212153844
2025-12-23 13:05:47+00:00,24075499,43670794,59999943,0.7278472581215619,279,0.044453116,2025-12-23,0.22784725812156192
2025-12-23 13:05:59+00:00,24075500,21078818,60000000,0.3513136333333333,350,0.046985246,2025-12-23,-0.14868636666666668
2025-12-23 13:06:11+00:00,24075501,44271606,60000000,0.7378601,317,0.04523873,2025-12-23,0.23786010000000002
2025-12-23 13:06:23+00:00,24075502,25398325,60000000,0.42330541666666666,288,0.047928852,2025-12-23,-0.07669458333333334
2025-12-23 13:06:35+00:00,24075503,15808879,60000000,0.2634813166666667,236,0.047009882,2025-12-23,-0.2365186833333333
2025-12-23 13:06:47+00:00,24075504,51654798,60000000,0.8609133,641,0.044230204,2025-12-23,0.3609133
2025-12-23 13:06:59+00:00,24075505,31843710,59941408,0.5312472806778246,285,0.048221021,2025-12-23,0.031247280677824563
2025-12-23 13:07:11+00:00,24075506,31771427,59999943,0.5295242863814054,280,0.048597714,2025-12-23,0.029524286381405362
2025-12-23 13:07:23+00:00,24075507,39232423,60000000,0.6538737166666667,324,0.048956417,2025-12-23,0.15387371666666672
2025-12-23 13:07:35+00:00,24075508,24699343,60000000,0.41165571666666667,288,0.050839693,2025-12-23,-0.08834428333333333
2025-12-23 13:07:47+00:00,24075509,17432131,60000000,0.29053551666666666,255,0.049716844,2025-12-23,-0.20946448333333334
2025-12-23 13:07:59+00:00,24075510,24425214,59941408,0.4074848225120104,338,0.047113366,2025-12-23,-0.0925151774879896
2025-12-23 13:08:11+00:00,24075511,42446198,59999943,0.7074373053987735,335,0.046023691,2025-12-23,0.20743730539877347
2025-12-23 13:08:23+00:00,24075512,20494914,60000000,0.3415819,344,0.048410448,2025-12-23,-0.1584181
2025-12-23 13:08:35+00:00,24075513,24388185,59941408,0.4068670692553635,392,0.046493176,2025-12-23,-0.09313293074463652
2025-12-23 13:08:47+00:00,24075514,25565824,59999943,0.4260974714592646,277,0.045410665,2025-12-23,-0.07390252854073542
2025-12-23 13:08:59+00:00,24075515,33634314,60000000,0.5605719,427,0.044571675,2025-12-23,0.06057190000000001
2025-12-23 13:09:11+00:00,24075516,25737903,60000000,0.42896505,264,0.045246622,2025-12-23,-0.07103494999999999
2025-12-23 13:09:23+00:00,24075517,19833912,60000000,0.3305652,277,0.0444431,2025-12-23,-0.1694348
2025-12-23 13:09:35+00:00,24075518,30722060,59941408,0.5125348406897616,383,0.042560549,2025-12-23,0.012534840689761628
2025-12-23 13:09:47+00:00,24075519,23134351,59882873,0.38632667140068583,306,0.042693921,2025-12-23,-0.11367332859931417
2025-12-23 13:09:59+00:00,24075520,28479151,59941351,0.4751169355525537,330,0.041480632,2025-12-23,-0.024883064447446313
2025-12-23 13:10:11+00:00,24075521,23901095,59882816,0.3991311130057745,274,0.041222591,2025-12-23,-0.10086888699422553
2025-12-23 13:10:23+00:00,24075522,29656754,59941294,0.49476332626386077,415,0.040183072,2025-12-23,-0.00523667373613923
2025-12-23 13:10:35+00:00,24075523,36716910,59999829,0.6119502440581955,326,0.040130466,2025-12-23,0.11195024405819554
2025-12-23 13:10:47+00:00,24075524,27750807,60000000,0.46251345,297,0.041253619,2025-12-23,-0.03748655000000001
2025-12-23 13:10:59+00:00,24075525,24735869,60000000,0.4122644833333333,303,0.040867006,2025-12-23,-0.08773551666666668
2025-12-23 13:11:11+00:00,24075526,19866616,60000000,0.33111026666666665,304,0.039970635,2025-12-23,-0.16888973333333335
2025-12-23 13:11:23+00:00,24075527,59667579,59941408,0.9954317222578422,189,0.038282978,2025-12-23,0.49543172225784216
2025-12-23 13:11:35+00:00,24075528,56196415,59999943,0.9366078064440828,260,0.043024628,2025-12-23,0.4366078064440828
2025-12-23 13:11:47+00:00,24075529,33898649,60000000,0.5649774833333333,294,0.04772085,2025-12-23,0.06497748333333331
2025-12-23 13:11:59+00:00,24075530,21812241,60000000,0.36353735,270,0.048496045,2025-12-23,-0.13646265000000002
2025-12-23 13:12:11+00:00,24075531,31375869,60000000,0.52293115,323,0.046841571,2025-12-23,0.02293115000000001
2025-12-23 13:12:23+00:00,24075532,25880681,59941408,0.4317663175346165,225,0.047110103,2025-12-23,-0.06823368246538353
2025-12-23 13:12:35+00:00,24075533,27641232,59882873,0.46158827416313175,418,0.04630648,2025-12-23,-0.03841172583686825
2025-12-23 13:12:47+00:00,24075534,32824587,59941351,0.5476117313405232,404,0.045861803,2025-12-23,0.04761173134052321
2025-12-23 13:12:59+00:00,24075535,30240264,59999886,0.5040053576101795,318,0.046407693,2025-12-23,0.004005357610179505
2025-12-23 13:13:11+00:00,24075536,43646982,60000000,0.7274497,306,0.046454162,2025-12-23,0.22744969999999998
2025-12-23 13:13:23+00:00,24075537,29913126,60000000,0.4985521,279,0.049095658,2025-12-23,-0.001447900000000002
2025-12-23 13:13:35+00:00,24075538,24728099,60000000,0.4121349833333333,228,0.049077887,2025-12-23,-0.08786501666666668
2025-12-23 13:13:47+00:00,24075539,29780862,60000000,0.4963477,288,0.04799983,2025-12-23,-0.003652299999999997
2025-12-23 13:13:59+00:00,24075540,18040296,59941408,0.3009655028457123,224,0.047956003,2025-12-23,-0.19903449715428773
2025-12-23 13:14:11+00:00,24075541,44560146,59882873,0.7441217123967984,297,0.045569779,2025-12-23,0.24412171239679836
2025-12-23 13:14:23+00:00,24075542,31472869,59941351,0.5250610550970064,310,0.048350922,2025-12-23,0.0250610550970064
2025-12-23 13:14:35+00:00,24075543,23563432,59999886,0.3927246128434311,304,0.048653853,2025-12-23,-0.10727538715656892
2025-12-23 13:14:47+00:00,24075544,16948771,60000000,0.28247951666666665,183,0.047349013,2025-12-23,-0.21752048333333335
2025-12-23 13:14:59+00:00,24075545,25761234,60000000,0.4293539,276,0.044774168,2025-12-23,-0.07064609999999999
2025-12-23 13:15:11+00:00,24075546,40817967,60000000,0.68029945,353,0.043983388,2025-12-23,0.18029945000000003
2025-12-23 13:15:23+00:00,24075547,27813493,60000000,0.4635582166666667,178,0.045965933,2025-12-23,-0.03644178333333331
2025-12-23 13:15:35+00:00,24075548,23331295,60000000,0.38885491666666666,332,0.045547163,2025-12-23,-0.11114508333333334
2025-12-23 13:15:47+00:00,24075549,25670579,60000000,0.4278429833333333,369,0.044281578,2025-12-23,-0.07215701666666668
2025-12-23 13:15:59+00:00,24075550,24533352,60000000,0.4088892,332,0.043482772,2025-12-23,-0.09111079999999999
2025-12-23 13:16:11+00:00,24075551,47194456,60000000,0.7865742666666666,308,0.042492335,2025-12-23,0.28657426666666663
2025-12-23 13:16:23+00:00,24075552,21108100,60000000,0.3518016666666667,280,0.045536637,2025-12-23,-0.14819833333333332
2025-12-23 13:16:35+00:00,24075553,13361314,60000000,0.22268856666666667,150,0.043849524,2025-12-23,-0.2773114333333333
2025-12-23 13:16:47+00:00,24075554,49851667,60000000,0.8308611166666666,405,0.040809531,2025-12-23,0.3308611166666666
2025-12-23 13:16:59+00:00,24075555,26294483,60000000,0.43824138333333335,317,0.044185102,2025-12-23,-0.061758616666666655
2025-12-23 13:17:23+00:00,24075556,13961496,60000000,0.2326916,206,0.0435029,2025-12-23,-0.2673084
2025-12-23 13:17:35+00:00,24075557,34546815,60000000,0.57578025,434,0.040595728,2025-12-23,0.07578025
2025-12-23 13:17:47+00:00,24075558,23056919,60000000,0.38428198333333335,293,0.041364816,2025-12-23,-0.11571801666666665
2025-12-23 13:17:59+00:00,24075559,33322811,60000000,0.5553801833333334,303,0.040168153,2025-12-23,0.05538018333333339
2025-12-23 13:18:11+00:00,24075560,22752965,60000000,0.37921608333333334,208,0.040724282,2025-12-23,-0.12078391666666666
2025-12-23 13:18:23+00:00,24075561,23147605,60000000,0.38579341666666667,185,0.039494573,2025-12-23,-0.11420658333333333
2025-12-23 13:18:35+00:00,24075562,44099002,60000000,0.7349833666666666,511,0.038366938,2025-12-23,0.23498336666666664
2025-12-23 13:18:47+00:00,24075563,31902886,59941408,0.5322345114082072,388,0.040620836,2025-12-23,0.03223451140820721
2025-12-23 13:18:59+00:00,24075564,33174572,59999943,0.552910058597889,244,0.040948184,2025-12-23,0.052910058597889
2025-12-23 13:19:11+00:00,24075565,25082894,60000000,0.41804823333333335,289,0.041489826,2025-12-23,-0.08195176666666665
2025-12-23 13:19:23+00:00,24075566,41346255,59941408,0.6897778410543843,278,0.040639785,2025-12-23,0.18977784105438433
2025-12-23 13:19:35+00:00,24075567,23089880,59999943,0.3848316989234473,330,0.042567917,2025-12-23,-0.11516830107655268
2025-12-23 13:19:47+00:00,24075568,27295801,60000000,0.45493001666666666,256,0.041342299,2025-12-23,-0.04506998333333334
2025-12-23 13:19:59+00:00,24075569,24856968,60000000,0.4142828,297,0.040876475,2025-12-23,-0.0857172
2025-12-23 13:20:11+00:00,24075570,43255008,60000000,0.7209168,316,0.040000521,2025-12-23,0.22091680000000002
2025-12-23 13:20:23+00:00,24075571,20290887,60000000,0.33818145,275,0.042209717,2025-12-23,-0.16181855
2025-12-23 13:20:35+00:00,24075572,25327308,60000000,0.4221218,364,0.040502139,2025-12-23,-0.07787820000000001
2025-12-23 13:20:47+00:00,24075573,34860262,60000000,0.5810043666666667,354,0.039713581,2025-12-23,0.08100436666666666
2025-12-23 13:20:59+00:00,24075574,35642480,59941408,0.5946220015385691,292,0.040517824,2025-12-23,0.09462200153856914
2025-12-23 13:21:11+00:00,24075575,39757205,59999943,0.6626207128230105,367,0.041476293,2025-12-23,0.1626207128230105
2025-12-23 13:21:23+00:00,24075576,22726814,59941351,0.37915084696706286,190,0.043162519,2025-12-23,-0.12084915303293714
2025-12-23 13:21:35+00:00,24075577,35957327,59999886,0.5992899219841851,433,0.041858481,2025-12-23,0.09928992198418507
2025-12-23 13:21:47+00:00,24075578,28858531,60000000,0.48097551666666666,369,0.042897512,2025-12-23,-0.019024483333333342
2025-12-23 13:21:59+00:00,24075579,27390808,60000000,0.45651346666666665,289,0.042693487,2025-12-23,-0.043486533333333355
2025-12-23 13:22:11+00:00,24075580,36359691,60000000,0.60599485,384,0.04222934,2025-12-23,0.10599484999999997
2025-12-23 13:22:23+00:00,24075581,5899051,60000000,0.09831751666666666,131,0.043348363,2025-12-23,-0.40168248333333334
2025-12-23 13:22:35+00:00,24075582,48614580,60000000,0.810243,377,0.038995294,2025-12-23,0.31024300000000005
2025-12-23 13:22:47+00:00,24075583,29556176,60000000,0.4926029333333333,376,0.042019798,2025-12-23,-0.007397066666666674
2025-12-23 13:22:59+00:00,24075584,18968643,59941408,0.31645307697810504,305,0.041942093,2025-12-23,-0.18354692302189496
2025-12-23 13:23:11+00:00,24075585,25488709,59999943,0.4248122202382759,259,0.040017508,2025-12-23,-0.07518777976172408
2025-12-23 13:23:23+00:00,24075586,8825062,60000000,0.14708436666666666,103,0.039265302,2025-12-23,-0.3529156333333333
2025-12-23 13:23:35+00:00,24075587,55011121,60000000,0.9168520166666667,527,0.035800968,2025-12-23,0.4168520166666667
2025-12-23 13:23:47+00:00,24075588,34108146,60000000,0.5684691,209,0.039531894,2025-12-23,0.06846909999999995
2025-12-23 13:23:59+00:00,24075589,24354205,60000000,0.4059034166666667,397,0.040208572,2025-12-23,-0.09409658333333332
2025-12-23 13:24:11+00:00,24075590,36470883,60000000,0.60784805,332,0.0392627,2025-12-23,0.10784804999999997
2025-12-23 13:24:23+00:00,24075591,23993342,60000000,0.3998890333333333,265,0.040321301,2025-12-23,-0.10011096666666669
2025-12-23 13:24:35+00:00,24075592,46133197,60000000,0.7688866166666667,441,0.03931215,2025-12-23,0.2688866166666667
2025-12-23 13:24:47+00:00,24075593,21671888,60000000,0.36119813333333334,284,0.041954777,2025-12-23,-0.13880186666666666
2025-12-23 13:24:59+00:00,24075594,28118490,60000000,0.4686415,219,0.040498927,2025-12-23,-0.03135850000000001
2025-12-23 13:25:11+00:00,24075595,21241995,60000000,0.35403325,294,0.040181431,2025-12-23,-0.14596674999999998
2025-12-23 13:25:23+00:00,24075596,23852324,60000000,0.39753873333333334,337,0.038715143,2025-12-23,-0.10246126666666666
2025-12-23 13:25:35+00:00,24075597,32148925,59941408,0.536339169743894,313,0.037723443,2025-12-23,0.03633916974389395
2025-12-23 13:25:47+00:00,24075598,21407541,59882873,0.35749021260219094,277,0.038066152,2025-12-23,-0.14250978739780906
2025-12-23 13:25:59+00:00,24075599,32977065,59941351,0.5501555178494392,436,0.036709953,2025-12-23,0.05015551784943917
2025-12-23 13:26:11+00:00,24075600,27814226,59999886,0.4635713141188302,273,0.037170254,2025-12-23,-0.03642868588116982
2025-12-23 13:26:23+00:00,24075601,28547788,60000000,0.47579646666666664,480,0.036831739,2025-12-23,-0.02420353333333336
2025-12-23 13:26:35+00:00,24075602,33901224,60000000,0.5650204,217,0.036608875,2025-12-23,0.06502039999999998
2025-12-23 13:26:47+00:00,24075603,21019888,60000000,0.35033146666666665,218,0.037203955,2025-12-23,-0.14966853333333335
2025-12-23 13:26:59+00:00,24075604,32908554,60000000,0.5484759,304,0.03581189,2025-12-23,0.048475900000000016
2025-12-23 13:27:11+00:00,24075605,32539351,60000000,0.5423225166666666,188,0.036245893,2025-12-23,0.04232251666666664
2025-12-23 13:27:23+00:00,24075606,7703984,60000000,0.12839973333333332,165,0.036629397,2025-12-23,-0.3716002666666667
2025-12-23 13:27:35+00:00,24075607,46107624,60000000,0.7684604,532,0.033226524,2025-12-23,0.26846040000000004
2025-12-23 13:27:47+00:00,24075608,45478311,60000000,0.75797185,642,0.035456525,2025-12-23,0.25797185
2025-12-23 13:27:59+00:00,24075609,19879414,60000000,0.3313235666666667,156,0.037743221,2025-12-23,-0.16867643333333332
2025-12-23 13:28:11+00:00,24075610,37718490,59941408,0.6292559894488965,471,0.036151624,2025-12-23,0.1292559894488965
2025-12-23 13:28:23+00:00,24075611,34146160,59999943,0.5691032073147136,456,0.037319827,2025-12-23,0.06910320731471364
2025-12-23 13:28:35+00:00,24075612,31124655,60000000,0.51874425,286,0.037964557,2025-12-23,0.018744250000000018
2025-12-23 13:28:47+00:00,24075613,55433227,59941408,0.9247902051283147,771,0.038142461,2025-12-23,0.42479020512831467
2025-12-23 13:28:59+00:00,24075614,15822638,59999943,0.263710883858673,226,0.042193096,2025-12-23,-0.23628911614132703
2025-12-23 13:29:11+00:00,24075615,36439730,60000000,0.6073288333333333,364,0.039700654,2025-12-23,0.10732883333333332
2025-12-23 13:29:23+00:00,24075616,38082691,60000000,0.6347115166666667,282,0.04076591,2025-12-23,0.1347115166666667
2025-12-23 13:29:35+00:00,24075617,25960095,60000000,0.43266825,320,0.042138819,2025-12-23,-0.06733175000000002
2025-12-23 13:29:47+00:00,24075618,25188492,60000000,0.4198082,351,0.041429499,2025-12-23,-0.08019179999999998
2025-12-23 13:29:59+00:00,24075619,11855294,60000000,0.19758823333333334,192,0.040598923,2025-12-23,-0.3024117666666667
2025-12-23 13:30:11+00:00,24075620,52893022,60000000,0.8815503666666666,639,0.037529525,2025-12-23,0.38155036666666664
2025-12-23 13:30:23+00:00,24075621,31670263,60000000,0.5278377166666667,357,0.041109376,2025-12-23,0.02783771666666668
2025-12-23 13:30:35+00:00,24075622,35991071,60000000,0.5998511833333333,423,0.041395473,2025-12-23,0.09985118333333332
2025-12-23 13:30:47+00:00,24075623,24119040,60000000,0.401984,354,0.042428819,2025-12-23,-0.09801599999999999
2025-12-23 13:30:59+00:00,24075624,29642644,60000000,0.49404406666666667,328,0.041389144,2025-12-23,-0.00595593333333333
2025-12-23 13:31:11+00:00,24075625,10163995,60000000,0.16939991666666668,133,0.041327517,2025-12-23,-0.33060008333333335
2025-12-23 13:31:23+00:00,24075626,20152936,60000000,0.33588226666666665,181,0.037911797,2025-12-23,-0.16411773333333335
2025-12-23 13:31:35+00:00,24075627,48341358,60000000,0.8056893,572,0.036356298,2025-12-23,0.30568930000000005
2025-12-23 13:31:47+00:00,24075628,30310501,60000000,0.5051750166666666,327,0.03913473,2025-12-23,0.005175016666666643
2025-12-23 13:31:59+00:00,24075629,23482229,59941408,0.3917530432384905,482,0.03918536,2025-12-23,-0.10824695676150953
2025-12-23 13:32:11+00:00,24075630,25744594,59999943,0.42907697428979225,364,0.038124937,2025-12-23,-0.07092302571020775
2025-12-23 13:32:23+00:00,24075631,31858871,60000000,0.5309811833333333,377,0.037448954,2025-12-23,0.03098118333333333
2025-12-23 13:32:35+00:00,24075632,22022252,60000000,0.36703753333333333,255,0.037739007,2025-12-23,-0.13296246666666667
2025-12-23 13:32:47+00:00,24075633,28491368,59941408,0.475320299449756,269,0.03648454,2025-12-23,-0.024679700550243988
2025-12-23 13:32:59+00:00,24075634,25895572,59999943,0.4315932766802795,273,0.036259434,2025-12-23,-0.06840672331972047
2025-12-23 13:33:11+00:00,24075635,36614706,60000000,0.6102451,303,0.035639337,2025-12-23,0.11024509999999998
2025-12-23 13:33:23+00:00,24075636,41269589,60000000,0.6878264833333333,245,0.036621602,2025-12-23,0.1878264833333333
2025-12-23 13:33:35+00:00,24075637,9604828,60000000,0.16008046666666667,217,0.038341228,2025-12-23,-0.33991953333333336
2025-12-23 13:33:47+00:00,24075638,53349247,60000000,0.8891541166666667,513,0.035082995,2025-12-23,0.38915411666666666
2025-12-23 13:33:59+00:00,24075639,42518321,60000000,0.7086386833333334,273,0.038496167,2025-12-23,0.20863868333333335
2025-12-23 13:34:11+00:00,24075640,24574314,60000000,0.4095719,353,0.040504114,2025-12-23,-0.09042810000000001
2025-12-23 13:34:23+00:00,24075641,18264851,60000000,0.3044141833333333,268,0.039588437,2025-12-23,-0.1955858166666667
2025-12-23 13:34:35+00:00,24075642,26731372,60000000,0.4455228666666667,350,0.037652703,2025-12-23,-0.054477133333333316
2025-12-23 13:34:47+00:00,24075643,24417787,60000000,0.4069631166666667,260,0.037139901,2025-12-23,-0.09303688333333332
2025-12-23 13:34:59+00:00,24075644,9123747,60000000,0.15206245,158,0.036276056,2025-12-23,-0.34793755000000004
2025-12-23 13:35:11+00:00,24075645,59734185,60000000,0.99556975,455,0.033120606,2025-12-23,0.49556975000000003
2025-12-23 13:35:23+00:00,24075646,19740600,60000000,0.32901,264,0.037223998,2025-12-23,-0.17098999999999998
2025-12-23 13:35:35+00:00,24075647,16422238,60000000,0.2737039666666667,240,0.035632766,2025-12-23,-0.2262960333333333
2025-12-23 13:35:47+00:00,24075648,49189280,60000000,0.8198213333333333,481,0.033616878,2025-12-23,0.3198213333333333
2025-12-23 13:35:59+00:00,24075649,26688224,60000000,0.44480373333333334,246,0.036304726,2025-12-23,-0.05519626666666666
2025-12-23 13:36:11+00:00,24075650,23980498,60000000,0.3996749666666667,298,0.035803755,2025-12-23,-0.10032503333333331
2025-12-23 13:36:23+00:00,24075651,11582027,59941408,0.19322247151751923,34,0.034905752,2025-12-23,-0.30677752848248074
2025-12-23 13:36:35+00:00,24075652,35931625,59999943,0.598860985584603,89,0.032228677,2025-12-23,0.09886098558460299
2025-12-23 13:36:47+00:00,24075653,59993757,60000000,0.99989595,380,0.033025216,2025-12-23,0.49989595
2025-12-23 13:36:59+00:00,24075654,44732260,59941408,0.7462664207020295,345,0.037152508,2025-12-23,0.24626642070202953
2025-12-23 13:37:11+00:00,24075655,59526380,59999943,0.9921072758352454,584,0.039439861,2025-12-23,0.4921072758352454
2025-12-23 13:37:23+00:00,24075656,32198165,60000000,0.5366360833333333,162,0.044292021,2025-12-23,0.03663608333333335
2025-12-23 13:37:35+00:00,24075657,56336972,60000000,0.9389495333333333,674,0.044697692,2025-12-23,0.4389495333333333
2025-12-23 13:37:47+00:00,24075658,19682356,60000000,0.32803926666666666,60,0.049602699,2025-12-23,-0.17196073333333334
2025-12-23 13:37:59+00:00,24075659,59833304,60000000,0.9972217333333333,442,0.04747027,2025-12-23,0.4972217333333333
2025-12-23 13:38:11+00:00,24075660,24756263,60000000,0.4126043833333333,302,0.053371082,2025-12-23,-0.08739561666666668
2025-12-23 13:38:23+00:00,24075661,39607808,59941408,0.6607754025397602,339,0.052204983,2025-12-23,0.1607754025397602
2025-12-23 13:38:35+00:00,24075662,59968008,59999943,0.999467749494362,645,0.054303302,2025-12-23,0.499467749494362
2025-12-23 13:38:47+00:00,24075663,21300439,60000000,0.3550073166666667,197,0.061083989,2025-12-23,-0.14499268333333332
2025-12-23 13:38:59+00:00,24075664,42766788,60000000,0.7127798,538,0.058869807,2025-12-23,0.21277979999999996
2025-12-23 13:39:11+00:00,24075665,28229683,59941408,0.4709546195511457,285,0.062001383,2025-12-23,-0.029045380448854297
2025-12-23 13:39:23+00:00,24075666,31539242,59999943,0.5256545327051394,379,0.06155117,2025-12-23,0.0256545327051394
2025-12-23 13:39:35+00:00,24075667,29019042,60000000,0.4836507,435,0.061945936,2025-12-23,-0.01634930000000001
2025-12-23 13:39:47+00:00,24075668,32727009,60000000,0.54545015,226,0.061692743,2025-12-23,0.04545014999999997
2025-12-23 13:39:59+00:00,24075669,25418022,60000000,0.4236337,219,0.062393729,2025-12-23,-0.0763663
2025-12-23 13:40:11+00:00,24075670,19803060,60000000,0.330051,283,0.061202535,2025-12-23,-0.16994900000000002
2025-12-23 13:40:23+00:00,24075671,23684302,60000000,0.3947383666666667,260,0.058602208,2025-12-23,-0.10526163333333333
2025-12-23 13:40:35+00:00,24075672,23563383,60000000,0.39272305,321,0.057060067,2025-12-23,-0.10727694999999998
2025-12-23 13:40:47+00:00,24075673,23580074,60000000,0.3930012333333333,260,0.05552976,2025-12-23,-0.10699876666666669
2025-12-23 13:40:59+00:00,24075674,28118043,60000000,0.46863405,250,0.054044357,2025-12-23,-0.031365949999999976
2025-12-23 13:41:11+00:00,24075675,20762474,60000000,0.3460412333333333,178,0.053620569,2025-12-23,-0.1539587666666667
2025-12-23 13:41:23+00:00,24075676,38962893,60000000,0.64938155,463,0.05155673,2025-12-23,0.14938154999999997
2025-12-23 13:41:35+00:00,24075677,26482813,60000000,0.44138021666666666,381,0.053482136,2025-12-23,-0.05861978333333334
2025-12-23 13:41:47+00:00,24075678,31090811,60000000,0.5181801833333334,233,0.052698359,2025-12-23,0.018180183333333377
2025-12-23 13:41:59+00:00,24075679,28483608,60000000,0.4747268,355,0.052937875,2025-12-23,-0.025273199999999996
2025-12-23 13:42:11+00:00,24075680,47402895,60000000,0.79004825,407,0.052603398,2025-12-23,0.29004825
2025-12-23 13:42:23+00:00,24075681,23700530,60000000,0.3950088333333333,185,0.056417778,2025-12-23,-0.10499116666666669
2025-12-23 13:42:35+00:00,24075682,41007388,59941408,0.6841245370812777,433,0.054936936,2025-12-23,0.18412453708127774
2025-12-23 13:42:47+00:00,24075683,35301011,59882873,0.589500957978419,365,0.057465745,2025-12-23,0.08950095797841895
2025-12-23 13:42:59+00:00,24075684,26309709,59941351,0.43892419108137887,277,0.058751554,2025-12-23,-0.06107580891862113
2025-12-23 13:43:11+00:00,24075685,42660783,59999886,0.7110144009273618,568,0.05785448,2025-12-23,0.2110144009273618
2025-12-23 13:43:23+00:00,24075686,20667468,60000000,0.3444578,215,0.060906512,2025-12-23,-0.15554220000000002
2025-12-23 13:43:35+00:00,24075687,29545092,60000000,0.4924182,212,0.058538129,2025-12-23,-0.007581800000000027
2025-12-23 13:43:47+00:00,24075688,37829258,60000000,0.6304876333333334,246,0.058427173,2025-12-23,0.13048763333333335
2025-12-23 13:43:59+00:00,24075689,23677492,60000000,0.3946248666666667,228,0.060333178,2025-12-23,-0.10537513333333332
2025-12-23 13:44:11+00:00,24075690,23981292,59941408,0.4000788903724117,263,0.058743774,2025-12-23,-0.09992110962758832
2025-12-23 13:44:23+00:00,24075691,27440871,59999943,0.4573482844808703,471,0.057276339,2025-12-23,-0.04265171551912972
2025-12-23 13:44:35+00:00,24075692,49364830,60000000,0.8227471666666667,376,0.056665606,2025-12-23,0.3227471666666667
2025-12-23 13:44:47+00:00,24075693,41328754,59941408,0.689485872604127,313,0.061237771,2025-12-23,0.18948587260412697
2025-12-23 13:44:59+00:00,24075694,31987036,59999943,0.5331177731285511,376,0.064138694,2025-12-23,0.03311777312855113
2025-12-23 13:45:11+00:00,24075695,33677460,60000000,0.561291,297,0.064669726,2025-12-23,0.061290999999999984
2025-12-23 13:45:23+00:00,24075696,21889190,60000000,0.36481983333333334,250,0.065660644,2025-12-23,-0.13518016666666666
2025-12-23 13:45:35+00:00,24075697,36752950,60000000,0.6125491666666667,702,0.06344164,2025-12-23,0.1125491666666667
2025-12-23 13:45:47+00:00,24075698,30285914,59941408,0.5052586352325925,521,0.065226715,2025-12-23,0.005258635232592512
2025-12-23 13:45:59+00:00,24075699,20526554,59999943,0.34210955833741374,250,0.065312465,2025-12-23,-0.15789044166258626
2025-12-23 13:46:11+00:00,24075700,6192275,60000000,0.10320458333333334,65,0.062734412,2025-12-23,-0.3967954166666667
2025-12-23 13:46:23+00:00,24075701,56533604,59941408,0.9431477485480488,437,0.056511231,2025-12-23,0.44314774854804884
2025-12-23 13:46:35+00:00,24075702,29757175,59999943,0.4959533878223851,402,0.062771937,2025-12-23,-0.004046612177614928
2025-12-23 13:46:47+00:00,24075703,34805725,60000000,0.5800954166666666,330,0.062708434,2025-12-23,0.08009541666666664
2025-12-23 13:46:59+00:00,24075704,7925806,60000000,0.13209676666666667,154,0.063964098,2025-12-23,-0.3679032333333333
2025-12-23 13:47:11+00:00,24075705,50672513,60000000,0.8445418833333334,526,0.058080949,2025-12-23,0.34454188333333335
2025-12-23 13:47:23+00:00,24075706,29502973,60000000,0.49171621666666665,331,0.063083778,2025-12-23,-0.00828378333333335
2025-12-23 13:47:35+00:00,24075707,24918410,60000000,0.41530683333333335,298,0.062953135,2025-12-23,-0.08469316666666665
2025-12-23 13:47:47+00:00,24075708,4406487,60000000,0.07344145,71,0.06162021,2025-12-23,-0.42655855
2025-12-23 13:47:59+00:00,24075709,10420168,60000000,0.17366946666666666,170,0.055049054,2025-12-23,-0.32633053333333334
2025-12-23 13:48:11+00:00,24075710,59192434,60000000,0.9865405666666667,366,0.050558008,2025-12-23,0.4865405666666667
2025-12-23 13:48:23+00:00,24075711,24649829,59941408,0.41123206515269045,275,0.056707638,2025-12-23,-0.08876793484730955
2025-12-23 13:48:35+00:00,24075712,37835086,59999943,0.6305853657227641,540,0.055449184,2025-12-23,0.13058536572276414
2025-12-23 13:48:47+00:00,24075713,13092054,60000000,0.2182009,88,0.057259397,2025-12-23,-0.28179909999999997
2025-12-23 13:48:59+00:00,24075714,59414101,59941408,0.9912029593966161,294,0.053225486,2025-12-23,0.49120295939661607
2025-12-23 13:49:11+00:00,24075715,29284545,59999943,0.488076213672403,284,0.059761615,2025-12-23,-0.011923786327596997
2025-12-23 13:49:23+00:00,24075716,7594569,60000000,0.12657615,161,0.059583469,2025-12-23,-0.37342385
2025-12-23 13:49:35+00:00,24075717,18832115,60000000,0.31386858333333334,113,0.054020997,2025-12-23,-0.18613141666666666
2025-12-23 13:49:47+00:00,24075718,59058370,60000000,0.9843061666666667,438,0.051507246,2025-12-23,0.4843061666666667
2025-12-23 13:49:59+00:00,24075719,36133548,60000000,0.6022258,319,0.057743565,2025-12-23,0.10222580000000003
2025-12-23 13:50:11+00:00,24075720,37701627,60000000,0.62836045,302,0.059219285,2025-12-23,0.12836044999999996
2025-12-23 13:50:23+00:00,24075721,39923702,60000000,0.6653950333333334,311,0.061119638,2025-12-23,0.16539503333333339
2025-12-23 13:50:35+00:00,24075722,18880982,60000000,0.3146830333333333,239,0.063646859,2025-12-23,-0.1853169666666667
2025-12-23 13:50:47+00:00,24075723,27893074,60000000,0.46488456666666667,337,0.060698149,2025-12-23,-0.035115433333333335
2025-12-23 13:50:59+00:00,24075724,18309933,60000000,0.30516555,217,0.060165289,2025-12-23,-0.19483445
2025-12-23 13:51:11+00:00,24075725,42017810,60000000,0.7002968333333334,306,0.057234722,2025-12-23,0.20029683333333337
2025-12-23 13:51:23+00:00,24075726,5512663,60000000,0.09187771666666666,91,0.060100705,2025-12-23,-0.40812228333333334
2025-12-23 13:51:35+00:00,24075727,39762917,60000000,0.6627152833333333,542,0.053968596,2025-12-23,0.1627152833333333
2025-12-23 13:51:47+00:00,24075728,48925905,60000000,0.81543175,330,0.056163974,2025-12-23,0.31543175
2025-12-23 13:51:59+00:00,24075729,20195037,60000000,0.33658395,211,0.060592949,2025-12-23,-0.16341604999999998
2025-12-23 13:52:11+00:00,24075730,37214665,60000000,0.6202444166666666,367,0.058117484,2025-12-23,0.12024441666666663
2025-12-23 13:52:23+00:00,24075731,34572314,60000000,0.5762052333333333,366,0.059864559,2025-12-23,0.07620523333333329
2025-12-23 13:52:35+00:00,24075732,29612638,59941408,0.4940263999137291,333,0.061005057,2025-12-23,-0.005973600086270903
2025-12-23 13:52:47+00:00,24075733,15146358,59999943,0.25243953981756284,206,0.060913953,2025-12-23,-0.24756046018243716
2025-12-23 13:52:59+00:00,24075734,47906040,60000000,0.798434,334,0.057143982,2025-12-23,0.298434
2025-12-23 13:53:11+00:00,24075735,39562707,60000000,0.65937845,303,0.061407408,2025-12-23,0.15937844999999995
2025-12-23 13:53:23+00:00,24075736,29672125,60000000,0.49453541666666667,334,0.063854162,2025-12-23,-0.005464583333333328
2025-12-23 13:53:35+00:00,24075737,34252098,60000000,0.5708683,339,0.063766928,2025-12-23,0.0708683
2025-12-23 13:53:47+00:00,24075738,25912919,60000000,0.43188198333333333,267,0.064896691,2025-12-23,-0.06811801666666667
2025-12-23 13:53:59+00:00,24075739,29618764,60000000,0.49364606666666666,226,0.063791533,2025-12-23,-0.006353933333333339
2025-12-23 13:54:11+00:00,24075740,38283923,60000000,0.6380653833333333,282,0.063690202,2025-12-23,0.1380653833333333
2025-12-23 13:54:23+00:00,24075741,27982483,60000000,0.4663747166666667,348,0.065888555,2025-12-23,-0.03362528333333331
2025-12-23 13:54:35+00:00,24075742,20217116,60000000,0.33695193333333334,223,0.065334675,2025-12-23,-0.16304806666666666
2025-12-23 13:54:47+00:00,24075743,29629458,60000000,0.4938243,440,0.062671502,2025-12-23,-0.006175700000000006
2025-12-23 13:54:59+00:00,24075744,28078843,60000000,0.4679807166666667,297,0.062574742,2025-12-23,-0.032019283333333315
2025-12-23 13:55:11+00:00,24075745,23606155,60000000,0.39343591666666666,266,0.062073843,2025-12-23,-0.10656408333333334
2025-12-23 13:55:23+00:00,24075746,45455008,60000000,0.7575834666666666,279,0.060420133,2025-12-23,0.25758346666666665
2025-12-23 13:55:35+00:00,24075747,10106121,60000000,0.16843535,140,0.064310939,2025-12-23,-0.33156465
2025-12-23 13:55:47+00:00,24075748,34867378,60000000,0.5811229666666666,254,0.058980131,2025-12-23,0.08112296666666663
2025-12-23 13:55:59+00:00,24075749,26240782,60000000,0.43734636666666665,288,0.060176291,2025-12-23,-0.06265363333333335
2025-12-23 13:56:11+00:00,24075750,40781689,60000000,0.6796948166666666,494,0.059233726,2025-12-23,0.17969481666666665
2025-12-23 13:56:23+00:00,24075751,17098109,60000000,0.28496848333333336,147,0.061894724,2025-12-23,-0.21503151666666664
2025-12-23 13:56:35+00:00,24075752,24982533,60000000,0.41637555,318,0.058567395,2025-12-23,-0.08362445000000002
2025-12-23 13:56:47+00:00,24075753,30320632,59941408,0.5058378341729978,273,0.057342979,2025-12-23,0.005837834172997769
2025-12-23 13:56:59+00:00,24075754,26511462,59882873,0.4427219448873136,124,0.057426668,2025-12-23,-0.05727805511268641
2025-12-23 13:57:11+00:00,24075755,43246649,59941351,0.7214827206680744,395,0.056604347,2025-12-23,0.2214827206680744
2025-12-23 13:57:23+00:00,24075756,25143325,59999886,0.4190562128734711,321,0.059738568,2025-12-23,-0.08094378712652889
2025-12-23 13:57:35+00:00,24075757,36185593,60000000,0.6030932166666667,436,0.058529702,2025-12-23,0.10309321666666671
2025-12-23 13:57:47+00:00,24075758,34692245,60000000,0.5782040833333333,271,0.060038205,2025-12-23,0.07820408333333329
2025-12-23 13:57:59+00:00,24075759,31745295,60000000,0.52908825,243,0.061212013,2025-12-23,0.029088250000000038
2025-12-23 13:58:11+00:00,24075760,27681513,60000000,0.46135855,220,0.06165715,2025-12-23,-0.03864145000000002
2025-12-23 13:58:23+00:00,24075761,28935919,60000000,0.48226531666666667,382,0.06106152,2025-12-23,-0.017734683333333334
2025-12-23 13:58:35+00:00,24075762,27670556,60000000,0.46117593333333334,292,0.060790794,2025-12-23,-0.03882406666666666
2025-12-23 13:58:47+00:00,24075763,35577179,60000000,0.5929529833333333,268,0.060200758,2025-12-23,0.09295298333333335
2025-12-23 13:58:59+00:00,24075764,22197782,60000000,0.36996303333333336,234,0.061599718,2025-12-23,-0.13003696666666664
2025-12-23 13:59:11+00:00,24075765,38649432,60000000,0.6441572,377,0.059597158,2025-12-23,0.14415719999999999
2025-12-23 13:59:23+00:00,24075766,3888492,60000000,0.0648082,75,0.061744997,2025-12-23,-0.4351918
2025-12-23 13:59:35+00:00,24075767,32479987,60000000,0.5413331166666666,269,0.055027268,2025-12-23,0.041333116666666614
2025-12-23 13:59:47+00:00,24075768,59321436,60000000,0.9886906,400,0.05559588,2025-12-23,0.4886906
2025-12-23 13:59:59+00:00,24075769,21237865,60000000,0.35396441666666667,266,0.062388175,2025-12-23,-0.14603558333333333
2025-12-23 14:00:11+00:00,24075770,48250117,60000000,0.8041686166666666,633,0.060110452,2025-12-23,0.3041686166666666
2025-12-23 14:00:23+00:00,24075771,29207818,60000000,0.48679696666666666,399,0.06468138,2025-12-23,-0.013203033333333336
2025-12-23 14:00:35+00:00,24075772,47427139,60000000,0.7904523166666667,413,0.064467883,2025-12-23,0.2904523166666667
2025-12-23 14:00:47+00:00,24075773,18930622,60000000,0.31551036666666665,298,0.069149094,2025-12-23,-0.18448963333333335
2025-12-23 14:00:59+00:00,24075774,27839125,60000000,0.46398541666666665,404,0.065959772,2025-12-23,-0.03601458333333335
2025-12-23 14:01:11+00:00,24075775,9984783,60000000,0.16641305,117,0.065365894,2025-12-23,-0.33358695
2025-12-23 14:01:23+00:00,24075776,41813601,60000000,0.69689335,563,0.059914592,2025-12-23,0.19689334999999997
2025-12-23 14:01:35+00:00,24075777,24897273,60000000,0.41495455,337,0.062863788,2025-12-23,-0.08504545000000002
2025-12-23 14:01:47+00:00,24075778,22845465,60000000,0.38075775,285,0.061527219,2025-12-23,-0.11924225
2025-12-23 14:01:59+00:00,24075779,35469364,60000000,0.5911560666666666,329,0.059693058,2025-12-23,0.09115606666666665
2025-12-23 14:02:11+00:00,24075780,0,60000000,0.0,0,0.061053404,2025-12-23,-0.5
2025-12-23 14:02:23+00:00,24075781,39266819,60000000,0.6544469833333333,411,0.053421729,2025-12-23,0.1544469833333333
2025-12-23 14:02:35+00:00,24075782,21052914,60000000,0.3508819,151,0.055484435,2025-12-23,-0.14911809999999998
2025-12-23 14:02:47+00:00,24075783,55225817,60000000,0.9204302833333333,548,0.053416002,2025-12-23,0.4204302833333333
2025-12-23 14:02:59+00:00,24075784,23617459,60000000,0.39362431666666664,331,0.059030428,2025-12-23,-0.10637568333333336
2025-12-23 14:03:11+00:00,24075785,40581966,60000000,0.6763661,333,0.057460578,2025-12-23,0.17636609999999997
2025-12-23 14:03:23+00:00,24075786,26272266,60000000,0.4378711,385,0.059994102,2025-12-23,-0.06212889999999999
2025-12-23 14:03:35+00:00,24075787,42887460,59941408,0.7154896995412587,553,0.059062261,2025-12-23,0.21548969954125874
2025-12-23 14:03:47+00:00,24075788,16436262,59999943,0.2739379602410622,255,0.062244088,2025-12-23,-0.2260620397589378
2025-12-23 14:03:59+00:00,24075789,36795393,59941351,0.6138565845804843,332,0.058726332,2025-12-23,0.11385658458048431
2025-12-23 14:04:11+00:00,24075790,52712128,59882816,0.8802546627065768,313,0.060397927,2025-12-23,0.3802546627065768
2025-12-23 14:04:23+00:00,24075791,30941303,59941294,0.5161934442055922,304,0.066139575,2025-12-23,0.01619344420559221
2025-12-23 14:04:35+00:00,24075792,31065516,59999829,0.5177600756162155,377,0.066407331,2025-12-23,0.01776007561621551
2025-12-23 14:04:47+00:00,24075793,16331299,60000000,0.27218831666666665,233,0.06670218,2025-12-23,-0.22781168333333335
2025-12-23 14:04:59+00:00,24075794,33744647,60000000,0.5624107833333334,448,0.062903297,2025-12-23,0.062410783333333386
2025-12-23 14:05:11+00:00,24075795,24220699,60000000,0.40367831666666665,248,0.063884758,2025-12-23,-0.09632168333333335
2025-12-23 14:05:23+00:00,24075796,34992869,60000000,0.5832144833333334,314,0.062346387,2025-12-23,0.08321448333333337
2025-12-23 14:05:35+00:00,24075797,40253574,60000000,0.6708929,242,0.063643417,2025-12-23,0.17089290000000001
2025-12-23 14:05:47+00:00,24075798,30443620,59941408,0.50788963782766,327,0.066362469,2025-12-23,0.007889637827659945
2025-12-23 14:05:59+00:00,24075799,19520152,59882873,0.32597220243591185,245,0.066493362,2025-12-23,-0.17402779756408815
2025-12-23 14:06:11+00:00,24075800,59120134,59941351,0.986299658144175,332,0.063600439,2025-12-23,0.486299658144175
2025-12-23 14:06:23+00:00,24075801,21304246,59999886,0.35507144130240514,181,0.071332657,2025-12-23,-0.14492855869759486
2025-12-23 14:06:35+00:00,24075802,39265519,60000000,0.6544253166666667,605,0.068748123,2025-12-23,0.1544253166666667
2025-12-23 14:06:47+00:00,24075803,22392014,59941408,0.3735650320392874,262,0.071402235,2025-12-23,-0.12643496796071257
2025-12-23 14:06:59+00:00,24075804,29588956,59999943,0.4931497351589151,366,0.069145301,2025-12-23,-0.006850264841084919
2025-12-23 14:07:11+00:00,24075805,26463517,60000000,0.4410586166666667,292,0.069026886,2025-12-23,-0.05894138333333332
2025-12-23 14:07:23+00:00,24075806,28232499,60000000,0.47054165,274,0.068009751,2025-12-23,-0.029458350000000022
2025-12-23 14:07:35+00:00,24075807,29925738,60000000,0.4987623,325,0.067508888,2025-12-23,-0.0012377000000000082
2025-12-23 14:07:47+00:00,24075808,25627898,60000000,0.4271316333333333,317,0.067488,2025-12-23,-0.07286836666666668
2025-12-23 14:07:59+00:00,24075809,30063207,60000000,0.50105345,218,0.066258565,2025-12-23,0.0010534500000000113
2025-12-23 14:08:11+00:00,24075810,29816140,60000000,0.49693566666666666,273,0.066276015,2025-12-23,-0.0030643333333333356
2025-12-23 14:08:23+00:00,24075811,27008292,59941408,0.45057820463610065,382,0.066225243,2025-12-23,-0.049421795363899346
2025-12-23 14:08:35+00:00,24075812,201356,59999943,0.0033559365214730287,3,0.065407001,2025-12-23,-0.49664406347852696
2025-12-23 14:08:47+00:00,24075813,52989099,60000000,0.88315165,510,0.057286002,2025-12-23,0.38315164999999995
2025-12-23 14:08:59+00:00,24075814,33460764,59941408,0.558224524856006,327,0.062773308,2025-12-23,0.058224524856006044
2025-12-23 14:09:11+00:00,24075815,28094653,59999943,0.4682446614990951,291,0.063687044,2025-12-23,-0.031755338500904895
2025-12-23 14:09:23+00:00,24075816,25394606,60000000,0.4232434333333333,273,0.063181444,2025-12-23,-0.07675656666666669
2025-12-23 14:09:35+00:00,24075817,28190451,60000000,0.46984085,452,0.061969047,2025-12-23,-0.030159150000000023
2025-12-23 14:09:47+00:00,24075818,26811500,59941408,0.44729513193951,235,0.061501814,2025-12-23,-0.05270486806049002
2025-12-23 14:09:59+00:00,24075819,26015353,59999943,0.4335896285768138,299,0.060691453,2025-12-23,-0.06641037142318618
2025-12-23 14:10:11+00:00,24075820,32505488,60000000,0.5417581333333333,320,0.059683818,2025-12-23,0.041758133333333336
2025-12-23 14:10:23+00:00,24075821,9768702,60000000,0.1628117,189,0.060306889,2025-12-23,-0.3371883
2025-12-23 14:10:47+00:00,24075822,59843193,60000000,0.99738655,538,0.055223195,2025-12-23,0.49738655
2025-12-23 14:10:59+00:00,24075823,26346346,59941408,0.4395349872328658,319,0.062090013,2025-12-23,-0.060465012767134174
2025-12-23 14:11:11+00:00,24075824,24165183,59999943,0.40275343261576096,328,0.061151445,2025-12-23,-0.09724656738423904
2025-12-23 14:11:23+00:00,24075825,28031240,60000000,0.46718733333333334,360,0.059664754,2025-12-23,-0.03281266666666666
2025-12-23 14:11:35+00:00,24075826,17430246,60000000,0.2905041,108,0.059175315,2025-12-23,-0.2094959
2025-12-23 14:11:47+00:00,24075827,57263982,60000000,0.9543997,444,0.056076069,2025-12-23,0.45439969999999996
2025-12-23 14:11:59+00:00,24075828,43269156,60000000,0.7211526,243,0.062446306,2025-12-23,0.22115260000000003
2025-12-23 14:12:11+00:00,24075829,33009828,60000000,0.5501638,353,0.065898846,2025-12-23,0.05016379999999998
2025-12-23 14:12:23+00:00,24075830,31164044,59941408,0.5199084412565017,270,0.06672528,2025-12-23,0.019908441256501708
2025-12-23 14:12:35+00:00,24075831,34791256,59999943,0.5798548175287433,481,0.067057379,2025-12-23,0.07985481752874335
2025-12-23 14:12:47+00:00,24075832,23321804,60000000,0.3886967333333333,376,0.068396092,2025-12-23,-0.11130326666666668
2025-12-23 14:12:59+00:00,24075833,27446361,60000000,0.45743935,278,0.066492915,2025-12-23,-0.04256064999999998
2025-12-23 14:13:11+00:00,24075834,26040941,60000000,0.43401568333333335,378,0.06578542,2025-12-23,-0.06598431666666665
2025-12-23 14:13:23+00:00,24075835,22597689,60000000,0.37662815,330,0.064700219,2025-12-23,-0.12337185
2025-12-23 14:13:35+00:00,24075836,24458575,60000000,0.4076429166666667,348,0.062704673,2025-12-23,-0.09235708333333331
2025-12-23 14:13:47+00:00,24075837,16754662,60000000,0.2792443666666667,186,0.061256868,2025-12-23,-0.2207556333333333
2025-12-23 14:13:59+00:00,24075838,36395685,60000000,0.60659475,459,0.057876169,2025-12-23,0.10659474999999996
2025-12-23 14:14:11+00:00,24075839,21796153,60000000,0.36326921666666667,228,0.059418492,2025-12-23,-0.13673078333333333
2025-12-23 14:14:23+00:00,24075840,22301910,60000000,0.3716985,174,0.057387408,2025-12-23,-0.1283015
2025-12-23 14:14:35+00:00,24075841,33242456,59941408,0.5545825016322606,427,0.055546686,2025-12-23,0.05458250163226064
2025-12-23 14:14:47+00:00,24075842,30956549,59999943,0.5159429734791582,359,0.056304655,2025-12-23,0.015942973479158185
2025-12-23 14:14:59+00:00,24075843,39455912,60000000,0.6575985333333333,289,0.056529071,2025-12-23,0.1575985333333333
2025-12-23 14:15:11+00:00,24075844,34576083,60000000,0.57626805,259,0.058756295,2025-12-23,0.07626805000000003
2025-12-23 14:15:23+00:00,24075845,32773142,60000000,0.5462190333333333,367,0.059876602,2025-12-23,0.046219033333333326
2025-12-23 14:15:35+00:00,24075846,49334008,60000000,0.8222334666666666,574,0.060568461,2025-12-23,0.32223346666666663
2025-12-23 14:15:47+00:00,24075847,20781634,60000000,0.34636056666666665,249,0.065447757,2025-12-23,-0.15363943333333335
2025-12-23 14:15:59+00:00,24075848,41485575,60000000,0.69142625,330,0.062933918,2025-12-23,0.19142625000000002
2025-12-23 14:16:11+00:00,24075849,19744190,60000000,0.32906983333333334,245,0.065945718,2025-12-23,-0.17093016666666666
2025-12-23 14:16:23+00:00,24075850,16475460,60000000,0.274591,131,0.06312769,2025-12-23,-0.22540900000000003
2025-12-23 14:16:35+00:00,24075851,39798451,60000000,0.6633075166666667,405,0.059570303,2025-12-23,0.16330751666666665
2025-12-23 14:16:47+00:00,24075852,42206928,60000000,0.7034488,355,0.062002372,2025-12-23,0.20344879999999999
2025-12-23 14:16:59+00:00,24075853,43303269,60000000,0.72172115,344,0.065155949,2025-12-23,0.22172115000000003
2025-12-23 14:17:11+00:00,24075854,7062949,60000000,0.11771581666666667,126,0.068767561,2025-12-23,-0.38228418333333336
2025-12-23 14:17:23+00:00,24075855,44015268,60000000,0.7335878,482,0.062195374,2025-12-23,0.2335878
2025-12-23 14:17:35+00:00,24075856,24646524,60000000,0.4107754,298,0.065827394,2025-12-23,-0.08922459999999999
2025-12-23 14:17:47+00:00,24075857,15617615,60000000,0.26029358333333336,106,0.064359039,2025-12-23,-0.23970641666666664
2025-12-23 14:17:59+00:00,24075858,39145020,60000000,0.652417,466,0.060502221,2025-12-23,0.15241700000000002
2025-12-23 14:18:11+00:00,24075859,35245124,60000000,0.5874187333333334,288,0.062807612,2025-12-23,0.08741873333333339
2025-12-23 14:18:23+00:00,24075860,40367699,60000000,0.6727949833333333,234,0.064180252,2025-12-23,0.17279498333333332
2025-12-23 14:18:35+00:00,24075861,35442846,59941408,0.5912915158749691,474,0.066952758,2025-12-23,0.09129151587496909
2025-12-23 14:18:47+00:00,24075862,27591941,59999943,0.45986612020614753,366,0.068480812,2025-12-23,-0.04013387979385247
2025-12-23 14:18:59+00:00,24075863,20136647,60000000,0.33561078333333333,244,0.067793712,2025-12-23,-0.16438921666666667
2025-12-23 14:19:11+00:00,24075864,32972902,60000000,0.5495483666666666,329,0.065007574,2025-12-23,0.04954836666666662
2025-12-23 14:19:23+00:00,24075865,22446113,60000000,0.37410188333333333,230,0.065812828,2025-12-23,-0.12589811666666667
2025-12-23 14:19:35+00:00,24075866,32017521,60000000,0.53362535,441,0.063741401,2025-12-23,0.03362535
2025-12-23 14:19:47+00:00,24075867,22316289,60000000,0.37193815,326,0.064277232,2025-12-23,-0.12806184999999998
2025-12-23 14:19:59+00:00,24075868,39163705,60000000,0.6527284166666667,452,0.062219367,2025-12-23,0.1527284166666667
2025-12-23 14:20:11+00:00,24075869,28940155,60000000,0.48233591666666664,269,0.064595033,2025-12-23,-0.017664083333333358
2025-12-23 14:20:23+00:00,24075870,23922506,60000000,0.39870843333333333,458,0.06430978,2025-12-23,-0.10129156666666667
2025-12-23 14:20:35+00:00,24075871,25289072,60000000,0.42148453333333336,414,0.062681271,2025-12-23,-0.07851546666666664
2025-12-23 14:20:47+00:00,24075872,24042884,60000000,0.40071473333333335,325,0.061450909,2025-12-23,-0.09928526666666665
2025-12-23 14:20:59+00:00,24075873,36720014,60000000,0.6120002333333333,317,0.059925617,2025-12-23,0.11200023333333331
2025-12-23 14:21:11+00:00,24075874,39218527,60000000,0.6536421166666667,303,0.061603537,2025-12-23,0.15364211666666672
2025-12-23 14:21:23+00:00,24075875,23298610,60000000,0.3883101666666667,316,0.063969761,2025-12-23,-0.11168983333333332
2025-12-23 14:21:35+00:00,24075876,25679491,60000000,0.4279915166666667,421,0.062183569,2025-12-23,-0.07200848333333332
2025-12-23 14:21:47+00:00,24075877,28828398,60000000,0.4804733,335,0.061064133,2025-12-23,-0.019526700000000008
2025-12-23 14:21:59+00:00,24075878,8230691,60000000,0.13717818333333334,130,0.060766038,2025-12-23,-0.3628218166666667
2025-12-23 14:22:11+00:00,24075879,59688937,60000000,0.9948156166666666,84,0.055254227,2025-12-23,0.4948156166666666
2025-12-23 14:22:23+00:00,24075880,54954503,60000000,0.9159083833333334,653,0.06208939,2025-12-23,0.41590838333333335
2025-12-23 14:22:35+00:00,24075881,22226190,60000000,0.3704365,297,0.068545264,2025-12-23,-0.1295635
2025-12-23 14:22:47+00:00,24075882,23712261,60000000,0.39520435,361,0.066325023,2025-12-23,-0.10479565000000002
2025-12-23 14:22:59+00:00,24075883,35909520,60000000,0.598492,450,0.06458738,2025-12-23,0.09849200000000002
2025-12-23 14:23:23+00:00,24075884,52266374,60000000,0.8711062333333334,530,0.066177715,2025-12-23,0.37110623333333337
2025-12-23 14:23:35+00:00,24075885,29166912,60000000,0.4861152,343,0.072317455,2025-12-23,-0.013884799999999975
2025-12-23 14:23:47+00:00,24075886,22625745,60000000,0.37709575,292,0.072066427,2025-12-23,-0.12290424999999999
2025-12-23 14:23:59+00:00,24075887,36293928,60000000,0.6048988,262,0.06985211,2025-12-23,0.10489879999999996
2025-12-23 14:24:11+00:00,24075888,32771506,60000000,0.5461917666666667,306,0.07168396,2025-12-23,0.04619176666666669
2025-12-23 14:24:23+00:00,24075889,26986402,60000000,0.4497733666666667,270,0.072511762,2025-12-23,-0.050226633333333326
2025-12-23 14:24:35+00:00,24075890,38833683,60000000,0.64722805,411,0.071601257,2025-12-23,0.14722805000000005
2025-12-23 14:24:47+00:00,24075891,3417768,59941408,0.05701848044677229,4,0.074236685,2025-12-23,-0.44298151955322773
2025-12-23 14:24:59+00:00,24075892,39081158,59999943,0.6513532521189228,449,0.066015316,2025-12-23,0.1513532521189228
2025-12-23 14:25:11+00:00,24075893,50379413,60000000,0.8396568833333333,323,0.068513224,2025-12-23,0.3396568833333333
2025-12-23 14:25:23+00:00,24075894,18364066,60000000,0.3060677666666667,236,0.074330971,2025-12-23,-0.19393223333333331
2025-12-23 14:25:35+00:00,24075895,25145889,60000000,0.41909815,344,0.070727179,2025-12-23,-0.08090185
2025-12-23 14:25:47+00:00,24075896,18106404,60000000,0.3017734,240,0.06929669,2025-12-23,-0.19822659999999998
2025-12-23 14:25:59+00:00,24075897,23075153,60000000,0.3845858833333333,259,0.065862579,2025-12-23,-0.11541411666666668
2025-12-23 14:26:11+00:00,24075898,31692051,60000000,0.52820085,251,0.063962212,2025-12-23,0.028200850000000055
2025-12-23 14:26:23+00:00,24075899,27504399,60000000,0.45840665,303,0.064413159,2025-12-23,-0.04159334999999997
2025-12-23 14:26:35+00:00,24075900,32308654,59941408,0.5390039219632612,323,0.06374337,2025-12-23,0.03900392196326119
2025-12-23 14:26:47+00:00,24075901,22995539,59999943,0.3832593474297134,270,0.06436493,2025-12-23,-0.1167406525702866
2025-12-23 14:26:59+00:00,24075902,5043811,60000000,0.08406351666666667,93,0.06248643,2025-12-23,-0.41593648333333333
2025-12-23 14:27:11+00:00,24075903,50998573,60000000,0.8499762166666667,399,0.055988834,2025-12-23,0.3499762166666667
2025-12-23 14:27:23+00:00,24075904,27132260,60000000,0.4522043333333333,191,0.060887524,2025-12-23,-0.04779566666666668
2025-12-23 14:27:35+00:00,24075905,34407796,59941408,0.5740238200610837,493,0.060159985,2025-12-23,0.07402382006108366
2025-12-23 14:27:47+00:00,24075906,21146086,59999943,0.35243510148001306,306,0.061273302,2025-12-23,-0.14756489851998694
2025-12-23 14:27:59+00:00,24075907,24767596,60000000,0.41279326666666666,295,0.059012855,2025-12-23,-0.08720673333333334
2025-12-23 14:28:11+00:00,24075908,15843419,60000000,0.26405698333333333,218,0.057726276,2025-12-23,-0.23594301666666667
2025-12-23 14:28:23+00:00,24075909,56272171,60000000,0.9378695166666666,365,0.054321249,2025-12-23,0.4378695166666666
2025-12-23 14:28:35+00:00,24075910,25093290,60000000,0.4182215,272,0.060267653,2025-12-23,-0.08177849999999998
2025-12-23 14:28:47+00:00,24075911,30008480,60000000,0.5001413333333333,379,0.059035504,2025-12-23,0.00014133333333332665
2025-12-23 14:28:59+00:00,24075912,22190358,59941408,0.37020081343434574,270,0.059037589,2025-12-23,-0.12979918656565426
2025-12-23 14:29:11+00:00,24075913,28255873,59999943,0.4709316640517475,341,0.057121832,2025-12-23,-0.029068335948252477
2025-12-23 14:29:23+00:00,24075914,26586922,60000000,0.4431153666666667,196,0.056706723,2025-12-23,-0.05688463333333332
2025-12-23 14:29:35+00:00,24075915,59198813,60000000,0.9866468833333333,300,0.055900288,2025-12-23,0.4866468833333333
2025-12-23 14:29:47+00:00,24075916,26844637,60000000,0.44741061666666665,260,0.062701213,2025-12-23,-0.05258938333333335
2025-12-23 14:29:59+00:00,24075917,39270279,60000000,0.65450465,186,0.061876859,2025-12-23,0.15450465000000002
2025-12-23 14:30:11+00:00,24075918,46942889,59941408,0.7831462517530452,334,0.064266924,2025-12-23,0.2831462517530452
2025-12-23 14:30:23+00:00,24075919,27459039,59882873,0.45854578486907266,319,0.068816158,2025-12-23,-0.04145421513092734
2025-12-23 14:30:35+00:00,24075920,31165654,59941351,0.519935795240918,492,0.068102979,2025-12-23,0.01993579524091804
2025-12-23 14:30:47+00:00,24075921,19441620,59999886,0.32402761565246974,235,0.0684424,2025-12-23,-0.17597238434753026
2025-12-23 14:30:59+00:00,24075922,22409533,60000000,0.37349221666666665,264,0.065431407,2025-12-23,-0.12650778333333335
2025-12-23 14:31:11+00:00,24075923,45534803,60000000,0.7589133833333334,537,0.063362012,2025-12-23,0.25891338333333336
2025-12-23 14:31:23+00:00,24075924,20655041,60000000,0.3442506833333333,143,0.06746333,2025-12-23,-0.1557493166666667
2025-12-23 14:31:35+00:00,24075925,40291310,60000000,0.6715218333333334,400,0.064836489,2025-12-23,0.17152183333333337
2025-12-23 14:31:47+00:00,24075926,28490300,60000000,0.4748383333333333,287,0.067616707,2025-12-23,-0.025161666666666693
2025-12-23 14:31:59+00:00,24075927,28170899,60000000,0.46951498333333336,301,0.06719137,2025-12-23,-0.030485016666666642
2025-12-23 14:32:11+00:00,24075928,29045265,59941408,0.4845609399098533,388,0.066679288,2025-12-23,-0.015439060090146672
2025-12-23 14:32:23+00:00,24075929,7906792,59999943,0.13177999185765893,56,0.066421922,2025-12-23,-0.36822000814234107
2025-12-23 14:32:35+00:00,24075930,46636162,59941351,0.7780298779051543,342,0.060307452,2025-12-23,0.2780298779051543
2025-12-23 14:32:47+00:00,24075931,55507496,59999886,0.9251266910740463,256,0.06449927,2025-12-23,0.4251266910740463
2025-12-23 14:32:59+00:00,24075932,31350596,60000000,0.5225099333333333,316,0.07135436,2025-12-23,0.022509933333333287
2025-12-23 14:33:11+00:00,24075933,24477565,60000000,0.4079594166666667,160,0.071755905,2025-12-23,-0.09204058333333331
2025-12-23 14:33:23+00:00,24075934,31538390,60000000,0.5256398333333333,436,0.070104792,2025-12-23,0.025639833333333306
2025-12-23 14:33:35+00:00,24075935,50322366,60000000,0.8387061,475,0.07055416,2025-12-23,0.3387061
2025-12-23 14:33:47+00:00,24075936,40034672,59941408,0.6678967567795538,300,0.076528441,2025-12-23,0.16789675677955385
2025-12-23 14:33:59+00:00,24075937,8129928,59999943,0.13549892872398228,63,0.07974066,2025-12-23,-0.3645010712760177
2025-12-23 14:34:11+00:00,24075938,59044462,60000000,0.9840743666666667,704,0.072474272,2025-12-23,0.4840743666666667
2025-12-23 14:34:23+00:00,24075939,14455695,60000000,0.24092825,67,0.081245006,2025-12-23,-0.25907175
2025-12-23 14:34:35+00:00,24075940,36513215,60000000,0.6085535833333333,468,0.075982935,2025-12-23,0.10855358333333331
2025-12-23 14:34:47+00:00,24075941,33113367,59941408,0.5524289152500388,332,0.078044989,2025-12-23,0.05242891525003879
2025-12-23 14:34:59+00:00,24075942,14072680,59999943,0.23454488948431168,171,0.079067942,2025-12-23,-0.2654551105156883
2025-12-23 14:35:11+00:00,24075943,38026978,60000000,0.6337829666666667,453,0.073820695,2025-12-23,0.13378296666666667
2025-12-23 14:35:23+00:00,24075944,37206348,60000000,0.6201058,189,0.076289682,2025-12-23,0.12010580000000004
2025-12-23 14:35:35+00:00,24075945,14869847,60000000,0.24783078333333333,184,0.07858039,2025-12-23,-0.2521692166666667
2025-12-23 14:35:47+00:00,24075946,54600144,59941408,0.9108919163193497,356,0.073626502,2025-12-23,0.41089191631934974
2025-12-23 14:35:59+00:00,24075947,18440172,59999943,0.3073364919696674,155,0.081189635,2025-12-23,-0.1926635080303326
2025-12-23 14:36:11+00:00,24075948,36066727,60000000,0.6011121166666666,377,0.077279066,2025-12-23,0.10111211666666664
2025-12-23 14:36:23+00:00,24075949,34181174,60000000,0.5696862333333333,261,0.079232528,2025-12-23,0.06968623333333335
2025-12-23 14:36:35+00:00,24075950,9100882,59941408,0.151829633364635,100,0.080612882,2025-12-23,-0.348170366635365
2025-12-23 14:36:47+00:00,24075951,29713913,59999943,0.49523235380406944,412,0.073596128,2025-12-23,-0.004767646195930564
2025-12-23 14:36:59+00:00,24075952,30253870,60000000,0.5042311666666667,252,0.073508409,2025-12-23,0.004231166666666675
2025-12-23 14:37:11+00:00,24075953,27805088,60000000,0.4634181333333333,357,0.073586165,2025-12-23,-0.036581866666666685
2025-12-23 14:37:23+00:00,24075954,41436925,60000000,0.6906154166666667,395,0.072913186,2025-12-23,0.1906154166666667
2025-12-23 14:37:35+00:00,24075955,38236093,60000000,0.6372682166666667,327,0.07638778,2025-12-23,0.13726821666666666
2025-12-23 14:37:47+00:00,24075956,20612944,60000000,0.3435490666666667,234,0.079009183,2025-12-23,-0.15645093333333332
2025-12-23 14:37:59+00:00,24075957,15098922,60000000,0.2516487,115,0.075918918,2025-12-23,-0.2483513
2025-12-23 14:38:11+00:00,24075958,59944427,60000000,0.9990737833333333,486,0.071205278,2025-12-23,0.4990737833333333
2025-12-23 14:38:23+00:00,24075959,27452728,60000000,0.4575454666666667,288,0.080089449,2025-12-23,-0.04245453333333332
2025-12-23 14:38:35+00:00,24075960,19395985,60000000,0.32326641666666667,199,0.079239409,2025-12-23,-0.17673358333333333
2025-12-23 14:38:47+00:00,24075961,31459820,60000000,0.5243303333333333,190,0.075738343,2025-12-23,0.024330333333333343
2025-12-23 14:38:59+00:00,24075962,56153373,60000000,0.93588955,515,0.076199027,2025-12-23,0.43588954999999996
2025-12-23 14:39:11+00:00,24075963,31370247,60000000,0.52283745,324,0.084502616,2025-12-23,0.022837450000000037
2025-12-23 14:39:23+00:00,24075964,33010690,60000000,0.5501781666666666,267,0.084985072,2025-12-23,0.050178166666666635
2025-12-23 14:39:35+00:00,24075965,18563035,60000000,0.30938391666666665,142,0.08605117,2025-12-23,-0.19061608333333335
2025-12-23 14:39:47+00:00,24075966,54680159,60000000,0.9113359833333333,533,0.081950486,2025-12-23,0.4113359833333333
2025-12-23 14:39:59+00:00,24075967,27781945,59941408,0.4634850252433176,336,0.090377781,2025-12-23,-0.03651497475668242
2025-12-23 14:40:11+00:00,24075968,31806430,59882873,0.5311440217639525,317,0.089552746,2025-12-23,0.03114402176395248
2025-12-23 14:40:23+00:00,24075969,29925103,59941351,0.49923971516758103,347,0.090250004,2025-12-23,-0.000760284832418967
2025-12-23 14:40:35+00:00,24075970,27030263,59999886,0.450505239293288,279,0.090232851,2025-12-23,-0.04949476070671199
2025-12-23 14:40:47+00:00,24075971,21185080,60000000,0.35308466666666666,215,0.089116338,2025-12-23,-0.14691533333333334
2025-12-23 14:40:59+00:00,24075972,40034883,60000000,0.66724805,365,0.085843199,2025-12-23,0.16724804999999998
2025-12-23 14:41:11+00:00,24075973,8037060,60000000,0.133951,33,0.089432475,2025-12-23,-0.366049
2025-12-23 14:41:23+00:00,24075974,22195827,60000000,0.36993045,126,0.081248308,2025-12-23,-0.13006954999999998
2025-12-23 14:41:35+00:00,24075975,59717373,60000000,0.99528955,692,0.078606326,2025-12-23,0.49528954999999997
2025-12-23 14:41:47+00:00,24075976,29656958,60000000,0.49428263333333333,331,0.088339548,2025-12-23,-0.005717366666666668
2025-12-23 14:41:59+00:00,24075977,34424624,59941408,0.5743045608805185,332,0.088213281,2025-12-23,0.07430456088051851
2025-12-23 14:42:11+00:00,24075978,44920038,59999943,0.7486680112346107,401,0.089851943,2025-12-23,0.2486680112346107
2025-12-23 14:42:23+00:00,24075979,29657894,59941351,0.4947818743691646,272,0.095437769,2025-12-23,-0.005218125630835402
2025-12-23 14:42:35+00:00,24075980,32260743,59999886,0.537680071592136,380,0.095313268,2025-12-23,0.037680071592136044
2025-12-23 14:42:47+00:00,24075981,11451662,60000000,0.19086103333333335,100,0.09621112,2025-12-23,-0.3091389666666666
2025-12-23 14:42:59+00:00,24075982,30662367,60000000,0.51103945,350,0.088775469,2025-12-23,0.01103944999999995
2025-12-23 14:43:11+00:00,24075983,29168326,60000000,0.48613876666666667,288,0.089020477,2025-12-23,-0.013861233333333334
2025-12-23 14:43:23+00:00,24075984,46477902,60000000,0.7746317,503,0.088711994,2025-12-23,0.27463170000000003
2025-12-23 14:43:35+00:00,24075985,15672859,60000000,0.26121431666666667,151,0.094802775,2025-12-23,-0.23878568333333333
2025-12-23 14:43:47+00:00,24075986,38664665,60000000,0.6444110833333333,346,0.089143389,2025-12-23,0.1444110833333333
2025-12-23 14:43:59+00:00,24075987,23464524,60000000,0.3910754,259,0.092361712,2025-12-23,-0.10892459999999998
2025-12-23 14:44:11+00:00,24075988,38712797,60000000,0.6452132833333334,304,0.089846597,2025-12-23,0.1452132833333334
2025-12-23 14:44:23+00:00,24075989,40255876,60000000,0.6709312666666667,272,0.093108326,2025-12-23,0.1709312666666667
2025-12-23 14:44:35+00:00,24075990,4798381,60000000,0.07997301666666666,71,0.097087107,2025-12-23,-0.4200269833333333
2025-12-23 14:44:47+00:00,24075991,40836017,60000000,0.6806002833333333,545,0.086892306,2025-12-23,0.18060028333333333
2025-12-23 14:44:59+00:00,24075992,30696501,60000000,0.51160835,309,0.090815499,2025-12-23,0.011608350000000045
2025-12-23 14:45:11+00:00,24075993,44359422,60000000,0.7393237,474,0.091079053,2025-12-23,0.23932370000000003
2025-12-23 14:45:23+00:00,24075994,17420907,60000000,0.29034845,194,0.096528396,2025-12-23,-0.20965155000000002
2025-12-23 14:45:35+00:00,24075995,38488616,60000000,0.6414769333333333,400,0.091469065,2025-12-23,0.14147693333333333
2025-12-23 14:45:47+00:00,24075996,17714347,60000000,0.2952391166666667,222,0.094704255,2025-12-23,-0.2047608833333333
2025-12-23 14:45:59+00:00,24075997,19003439,60000000,0.31672398333333335,173,0.089856324,2025-12-23,-0.18327601666666665
2025-12-23 14:46:11+00:00,24075998,21029042,59941408,0.3508266272290434,183,0.085739197,2025-12-23,-0.1491733727709566
2025-12-23 14:46:23+00:00,24075999,59981441,59999943,0.9996916330403848,549,0.082541696,2025-12-23,0.4996916330403848
2025-12-23 14:46:35+00:00,24076000,5322019,60000000,0.08870031666666667,24,0.092853045,2025-12-23,-0.41129968333333333
2025-12-23 14:46:47+00:00,24076001,43616049,60000000,0.72693415,553,0.083305438,2025-12-23,0.22693414999999995
2025-12-23 14:46:59+00:00,24076002,10357999,60000000,0.17263331666666668,149,0.08803165,2025-12-23,-0.3273666833333333
2025-12-23 14:47:11+00:00,24076003,49794885,59941408,0.8307259816119101,426,0.080826993,2025-12-23,0.33072598161191014
2025-12-23 14:47:23+00:00,24076004,28965376,59999943,0.4827567252855557,429,0.087509889,2025-12-23,-0.017243274714444312
2025-12-23 14:47:35+00:00,24076005,17347175,60000000,0.2891195833333333,236,0.08713265,2025-12-23,-0.21088041666666668
2025-12-23 14:47:47+00:00,24076006,24984710,60000000,0.4164118333333333,217,0.082539008,2025-12-23,-0.08358816666666669
2025-12-23 14:47:59+00:00,24076007,43138908,60000000,0.7189818,302,0.080814187,2025-12-23,0.2189818
2025-12-23 14:48:11+00:00,24076008,39223423,59941408,0.6543627236784294,294,0.085238396,2025-12-23,0.1543627236784294
2025-12-23 14:48:23+00:00,24076009,36274131,59999943,0.6045694243409532,325,0.088527803,2025-12-23,0.10456942434095318
2025-12-23 14:48:35+00:00,24076010,33824509,60000000,0.5637418166666667,396,0.090842128,2025-12-23,0.06374181666666667
2025-12-23 14:48:47+00:00,24076011,29099326,60000000,0.4849887666666667,330,0.092289738,2025-12-23,-0.015011233333333318
2025-12-23 14:48:59+00:00,24076012,27725654,60000000,0.4620942333333333,305,0.091943393,2025-12-23,-0.037905766666666674
2025-12-23 14:49:11+00:00,24076013,24288116,60000000,0.4048019333333333,221,0.091072097,2025-12-23,-0.09519806666666669
2025-12-23 14:49:23+00:00,24076014,21187043,60000000,0.3531173833333333,220,0.088904626,2025-12-23,-0.1468826166666667
2025-12-23 14:49:35+00:00,24076015,20062772,60000000,0.3343795333333333,212,0.08563999,2025-12-23,-0.1656204666666667
2025-12-23 14:49:47+00:00,24076016,59053061,60000000,0.9842176833333334,579,0.082094057,2025-12-23,0.48421768333333337
2025-12-23 14:49:59+00:00,24076017,4940645,60000000,0.08234408333333333,100,0.092031905,2025-12-23,-0.4176559166666667
2025-12-23 14:50:11+00:00,24076018,59443834,60000000,0.9907305666666667,416,0.082422488,2025-12-23,0.4907305666666667
2025-12-23 14:50:23+00:00,24076019,37578064,60000000,0.6263010666666666,406,0.092534296,2025-12-23,0.12630106666666663
2025-12-23 14:50:35+00:00,24076020,16475990,60000000,0.2745998333333333,141,0.095456091,2025-12-23,-0.22540016666666668
2025-12-23 14:50:47+00:00,24076021,39727747,60000000,0.6621291166666666,464,0.090077137,2025-12-23,0.16212911666666663
2025-12-23 14:50:59+00:00,24076022,32577193,60000000,0.5429532166666666,299,0.093728168,2025-12-23,0.04295321666666663
2025-12-23 14:51:11+00:00,24076023,37953983,60000000,0.6325663833333334,255,0.094734649,2025-12-23,0.13256638333333337
2025-12-23 14:51:23+00:00,24076024,27813669,59941408,0.4640142754070775,323,0.097874306,2025-12-23,-0.035985724592922486
2025-12-23 14:51:35+00:00,24076025,30930092,59999943,0.5155020230602553,447,0.096993787,2025-12-23,0.015502023060255277
2025-12-23 14:51:47+00:00,24076026,23145762,60000000,0.3857627,294,0.097369687,2025-12-23,-0.11423729999999999
2025-12-23 14:51:59+00:00,24076027,23280667,60000000,0.38801111666666666,252,0.094588875,2025-12-23,-0.11198888333333334
2025-12-23 14:52:11+00:00,24076028,43130610,60000000,0.7188435,424,0.09194065,2025-12-23,0.21884349999999997
2025-12-23 14:52:23+00:00,24076029,13605965,60000000,0.22676608333333334,158,0.096970803,2025-12-23,-0.27323391666666663
2025-12-23 14:52:35+00:00,24076030,32490611,60000000,0.5415101833333333,375,0.090346875,2025-12-23,0.04151018333333334
2025-12-23 14:52:47+00:00,24076031,24397194,60000000,0.4066199,286,0.091284453,2025-12-23,-0.09338010000000002
2025-12-23 14:52:59+00:00,24076032,28495024,60000000,0.47491706666666667,287,0.089153416,2025-12-23,-0.025082933333333335
2025-12-23 14:53:11+00:00,24076033,41878648,60000000,0.6979774666666667,291,0.088594359,2025-12-23,0.1979774666666667
2025-12-23 14:53:23+00:00,24076034,22133988,60000000,0.3688998,226,0.09297928,2025-12-23,-0.1311002
2025-12-23 14:53:35+00:00,24076035,9696645,60000000,0.16161075,154,0.08993188,2025-12-23,-0.33838925
2025-12-23 14:53:47+00:00,24076036,9549312,60000000,0.1591552,58,0.082323885,2025-12-23,-0.3408448
2025-12-23 14:53:59+00:00,24076037,53003635,60000000,0.8833939166666667,455,0.075308968,2025-12-23,0.38339391666666667
2025-12-23 14:54:11+00:00,24076038,59124212,60000000,0.9854035333333333,361,0.082527218,2025-12-23,0.4854035333333333
2025-12-23 14:54:23+00:00,24076039,20573868,59941408,0.34323297844455036,111,0.092541968,2025-12-23,-0.15676702155544964
2025-12-23 14:54:35+00:00,24076040,59510993,59999943,0.9918508255916176,466,0.088915086,2025-12-23,0.49185082559161764
2025-12-23 14:54:47+00:00,24076041,26240884,60000000,0.43734806666666665,211,0.099848325,2025-12-23,-0.06265193333333335
2025-12-23 14:54:59+00:00,24076042,45816353,60000000,0.7636058833333333,434,0.098284403,2025-12-23,0.26360588333333335
2025-12-23 14:55:11+00:00,24076043,10439374,59941408,0.17415963935982284,21,0.104761489,2025-12-23,-0.3258403606401772
2025-12-23 14:55:23+00:00,24076044,58745755,59999943,0.9790968468086712,88,0.096227609,2025-12-23,0.47909684680867115
2025-12-23 14:55:35+00:00,24076045,59914046,60000000,0.9985674333333333,273,0.107753195,2025-12-23,0.4985674333333333
2025-12-23 14:55:47+00:00,24076046,22478673,60000000,0.37464455,191,0.121183753,2025-12-23,-0.12535544999999998
2025-12-23 14:55:59+00:00,24076047,51624132,59941408,0.8612432327248636,513,0.117385993,2025-12-23,0.3612432327248636
2025-12-23 14:56:11+00:00,24076048,34124771,59999943,0.5687467236427208,86,0.127987216,2025-12-23,0.06874672364272083
2025-12-23 14:56:23+00:00,24076049,53982902,59941351,0.9005953502783078,288,0.130186891,2025-12-23,0.40059535027830784
2025-12-23 14:56:35+00:00,24076050,20043293,59999886,0.3340555180388176,145,0.143224957,2025-12-23,-0.1659444819611824
2025-12-23 14:56:47+00:00,24076051,56511809,60000000,0.9418634833333334,256,0.13728311,2025-12-23,0.44186348333333336
2025-12-23 14:56:59+00:00,24076052,40597493,60000000,0.6766248833333334,374,0.152448208,2025-12-23,0.17662488333333337
2025-12-23 14:57:11+00:00,24076053,55712972,59941408,0.9294571792507776,406,0.159179744,2025-12-23,0.42945717925077764
2025-12-23 14:57:23+00:00,24076054,48751135,59882873,0.8141081507562271,306,0.176269964,2025-12-23,0.3141081507562271
2025-12-23 14:57:35+00:00,24076055,7375842,59941351,0.12305098028237635,110,0.190111922,2025-12-23,-0.3769490197176236
2025-12-23 14:57:47+00:00,24076056,44042721,59999886,0.7340467446888149,397,0.172196297,2025-12-23,0.23404674468881492
2025-12-23 14:57:59+00:00,24076057,30764140,60000000,0.5127356666666667,333,0.182271792,2025-12-23,0.0127356666666667
2025-12-23 14:58:11+00:00,24076058,28118977,59941408,0.46910771598825307,283,0.18285213,2025-12-23,-0.03089228401174693
2025-12-23 14:58:23+00:00,24076059,8235523,59999943,0.13725884706257138,106,0.181439951,2025-12-23,-0.3627411529374286
2025-12-23 14:58:35+00:00,24076060,22888832,60000000,0.3814805333333333,369,0.164986017,2025-12-23,-0.11851946666666668
2025-12-23 14:58:47+00:00,24076061,40769511,60000000,0.67949185,281,0.160097504,2025-12-23,0.17949185
2025-12-23 14:58:59+00:00,24076062,35494231,60000000,0.5915705166666667,334,0.167281553,2025-12-23,0.09157051666666671
2025-12-23 14:59:11+00:00,24076063,28372627,60000000,0.47287711666666665,299,0.171111067,2025-12-23,-0.027122883333333347
2025-12-23 14:59:23+00:00,24076064,25629607,60000000,0.42716011666666664,209,0.169950811,2025-12-23,-0.07283988333333336
2025-12-23 14:59:35+00:00,24076065,29460344,60000000,0.49100573333333336,479,0.166856012,2025-12-23,-0.00899426666666664
2025-12-23 14:59:47+00:00,24076066,28634243,60000000,0.4772373833333333,286,0.166480826,2025-12-23,-0.02276261666666668
2025-12-23 14:59:59+00:00,24076067,38307846,60000000,0.6384641,266,0.165533442,2025-12-23,0.13846409999999998
